Headlines,Publish Time
Deutsche Post and Ford to manufacture E-Van ,14-Jun-17
Ford says May China vehicle sales -3 percent y/y ,7-Jun-17
"Ford reports U.S. sales of 241,126 vehicles in May, up 2.2 pct ",1-Jun-17
Precision Camshafts gets global contract from Ford for delivery of 8 mln camshafts ,29-May-17
Ford announces global leadership team appointments ,25-May-17
"Ford will name Steven Armstrong as head of Europe, Middle East and Africa- FT,citing sources ",25-May-17
Ford issues two safety compliance recalls in North America ,24-May-17
Ford appoints Jim Hackett as president and CEO ,22-May-17
"Ford Motor CEO Mark Fields leaving co, to be replaced by James Hackett - Forbes ",22-May-17
Ford Motor says investing $350 mln in its Livonia transmission plant ,19-May-17
Ford to slash global workforce by about 10 percent to boost profit growth - CNBC ,16-May-17
Ford Motor Credit Company LLC files for floating rate demand notes ,5-May-17
Ford's China sales in April up 11 pct y/y ,5-May-17
"Ford Motor says enters into 13th amendment to credit agreement dated Dec 15, 2006 ",28-Apr-17
Ford Motor Co Q1 earnings per share $0.40 ,27-Apr-17
Ford says March China vehicle sales -21 pct y/y ,13-Apr-17
Ford Motor sets quarterly dividend of 15 cents per share ,10-Apr-17
Ford F-Series sales grow 10 percent ,3-Apr-17
Ford invests C$500 mln for R&D in Canada ,30-Mar-17
Ford Motor estimates cost of recalls to be about $295 mln ,29-Mar-17
Ford issues three safety recalls in North America ,29-Mar-17
"Ford Motor Co executive Chairman William Clay Ford Jr reports open market purchase of 171,379 shares of co's common stock ",28-Mar-17
Ford Motor invests $1.2 bln in three Michigan facilities ,28-Mar-17
Ford Motor expects adjusted pre-tax profit to be about $9 bln in 2017 ,23-Mar-17
Ford Motor says 2017 guidance unchanged ,23-Mar-17
Ford issues safety compliance recall for certain 2017 Ford Mustang vehicles ,15-Mar-17
Ford says Feb China vehicle sales +2 pct y/y ,7-Mar-17
Citi Retail Services renews agreement with Ford Motor Company ,2-Mar-17
"Ford plans to cut 1,160 jobs at Bridgend plant- ITV News ",28-Feb-17
Ford Motor files for potential mixed shelf; size not disclosed ,17-Feb-17
State Street reports 9.34 pct passive stake in Ford Motor ,14-Feb-17
"Ford invests in Argo AI, a new artificial intelligence company ",10-Feb-17
Ford Motor says to evaluate alternative business models for India ,9-Feb-17
Ford says Jan China vehicle sales -32 pct y/y ,9-Feb-17
"Ford says U.S. retail sales of 120,400 vehicles up 6 pct in January ",1-Feb-17
Ford issues one safety recall recall in North America ,26-Jan-17
Ford Motor reports Q4 adjusted earnings of $0.30 per share ,26-Jan-17
"Ford hires Musa Tariq as vice president, chief brand officer ",24-Jan-17
SCA Performance enters special vehicle manufacturer pool agreement with Ford Motor Co ,19-Jan-17
Ford expands safety recall for vehicles containing certain takata airbag inflators in North America ,12-Jan-17
Ford declares regular and supplemental dividends ,10-Jan-17
Ford annual sales in China rise 14% to 1.27 mln; Lincoln demand surges 180% ,6-Jan-17
Ford says Dec China vehicle sales up 21 percent y/y ,6-Jan-17
"Ford, Amazon to provide access to shop, search and control smart home features on road with Alexa ",5-Jan-17
"Ford says U.S. December sales totaled 239,854 vehicles, up 0.3 pct ",4-Jan-17
Ford Motor Credit files for notes offering ,4-Jan-17
"Ford, Toyota form nonprofit to manage software for app development for vehicles ",4-Jan-17
Ford introduces next-generation Ford Fusion Hybrid Autonomous Development Vehicle ,28-Dec-16
Ford issues safety recall for certain 2017 Ford Super duty vehicles ,21-Dec-16
CPI card group appoints new CFO ,13-Dec-16
Hearmeout files for new U.S. patent application and secures deal with Ford ,11-Dec-16
"Ford Motor Co - vp and general counsel, Bradley Gayton reports open market sale of 12,278 shares of common stock at average price of $12.44per share ",6-Dec-16
Ford Motor files for pricing of $2.8 billion of notes ,5-Dec-16
Ford Motor says automotive business debt raise benchmarked at $2 bln ,5-Dec-16
Ford Motor says notifying holders of 4.25% senior convertible notes due 2036 that they may exercise option to require Ford to repurchase notes on Dec 20 ,2-Dec-16
"Ford issues safety recall for Fusion, Mondeo and Lincoln models ",2-Dec-16
Ford Motor Co says U.S. sales for November was up 5 pct ,1-Dec-16
Ford cuts Ford Credit's 2017 pretax profit forecast - SEC filing ,17-Nov-16
"Ford of Canada says named Mark Buzzell as next president, CEO ",17-Nov-16
Ford says October China vehicle sales +14 pct y/y ,7-Nov-16
Transport Canada says identifies brake safety issue with certain Ford F-150 models ,4-Nov-16
Ford postpones October U.S. sales report due to fire at co's World HQ ,31-Oct-16
Blackberry signs agreement with Ford for expanded use of its QNX and security software ,31-Oct-16
Ford's 3rd-qtr revenue falls about 6 pct ,27-Oct-16
Ford 3rd-qtr pre-tax oper margin 3.3 pct vs 7.7 last yr ,27-Oct-16
Ford issues three safety recalls in North America ,26-Oct-16
Ford issues two safety compliance recalls in North America ,11-Oct-16
Ford says Sept China vehicle sales rise 24 percent y/y ,11-Oct-16
"Ford reports Sept total U.S. sales of 204,447 vehicles, down 8 pct ",3-Oct-16
Ford issues one safety recall and one safety compliance recall in North America ,28-Sep-16
Canadian auto union head says everything on table ,19-Sep-16
"Ford expects total co results decline in 2017, as co invests in emerging opportunities ",14-Sep-16
Ford plans to launch autonomous vehicle for ride-sharing in 2021 - Investor presentation ,14-Sep-16
Ford says Ford GoBike to launch in San Francisco ,9-Sep-16
Ford expands door latch safety recall in North America ,8-Sep-16
"Ford ceo Bernard Silverstone to retire,Joy Falotico named as successor ",30-Aug-16
Canada's Unifor union votes for strike mandate in auto talks ,28-Aug-16
Ford issues two safety recalls and one safety compliance recall in North America ,24-Aug-16
Ford targets fully autonomous vehicle for ride sharing in 2021 ,16-Aug-16
Lithia Motors announces acquisition of Ford store ,11-Aug-16
Unifor says contract talks with Detroit three automakers begin this week ,8-Aug-16
Ford says July China vehicle sales +15 pct y/y ,5-Aug-16
Ford Motor says cost of safety recall announced Thursday estimated to be about $270 mln ,4-Aug-16
Ford sees Q3 projected production volume of 710 units for North America ,1-Aug-16
"Ford maintains 2016 guidance, flags risk of weaker U.S. market ",28-Jul-16
Ford Motor Co reports Q2 earnings of $0.49 per share ,28-Jul-16
Ford nominates board director for Jiangling Motors ,21-Jul-16
Ford declares Q3 dividend of $0.15/shr on outstanding Class B and common stock ,14-Jul-16
Ford says June China vehicle sales +3 pct y/y ,7-Jul-16
Ford motor says year-to-date sales in China up five pct ,8-Jun-16
Ford issues safety recall for vehicles containing certain takata airbag inflators ,1-Jun-16
"Ford recalls about 271,000 F-150 pickup trucks ",25-May-16
"Ford Motor Co issues 3 safety recalls, 2 safety compliance recalls in North America - Reuters News ",27-Apr-16
"Ford Motor Co to recall 42,300 cars in India to fix airbag deployment-related issue - Reuters News ",22-Apr-16
Ford Motor Co issues three safety recalls in north america - ENP Newswire ,1-Apr-16
"Ford Motor Co - Safety Agency Investigates Braking Issue on 420,000 Ford F-150 Pickups - WALLST ",4-Mar-16
Ford Motor Co - Ford Europe cuts jobs to achieve $200 mln cost savings - Reuters ,3-Feb-16
Ford Motor Co expands recall for vehicles with Takata airbags - Reuters ,26-Jan-16
Ford Motor Co - New Takata air bag recall to cover 5 mln U.S. vehicles - sources - Reuters ,22-Jan-16
Ford Motor Co declares $1 billion supplemental cash dividend and first quarter dividend ,12-Jan-16
Ford Motor Co issues three safety recalls and one safety compliance recall in North America ,22-Dec-15
Ford Motor Co - Australian tax office names in multinational avoidance row - Reuters ,16-Dec-15
Ford Motor Co to trim workers at Brazil plant - Reuters ,14-Dec-15
Ford Motor Co - Heavy rains batter auto production in India's Detroit - Reuters ,1-Dec-15
Ford Motor Co says pay gap with non-union plants will remain $8-$10 next four years ,30-Nov-15
Ford Motor Co to stop using Takata airbag inflators that use ammonium nitrate - Nikkei - Reuters ,23-Nov-15
Ford Motor Co issues two safety recalls in North America ,23-Nov-15
Ford Motor Co union workers ratify new four-year U.S. labor pact - UAW - Reuters ,21-Nov-15
"Ford Motor Co says to recall 16,444 EcoSport vehicles in India ",13-Nov-15
"Ford Motor Co says issuing a recall for about 129,000 vehicles for potential fuel tank issue ",28-Oct-15
"Ford Motor Co - Ford China venture to recall 220,000 SUVs over risk of fuel leak - Reuters ",16-Oct-15
UAW official hints Ford Motor Co workers' deal may vary from pact with Fiat Chrysler- WSJ - Reuters ,12-Oct-15
Ford Motor Co declared a fourth quarter dividend ,8-Oct-15
"Ford Motor Co - Fiat Chrysler Automobiles NV, U.S. union UAW reach tentative agreement, averting strike - Reuters ",8-Oct-15
NHTSA upgrades probe on Ford Motor Co's police interceptor vehicles - Reuters ,2-Oct-15
Ford Motor Co given 5-day strike notice at key F-150 plant by U.S. union - Reuters ,29-Sep-15
"Ford Motor Co, Alcoa Inc collaborate on more formable and design-friendly next-generation aluminum alloys ",14-Sep-15
Ford Motor Co workers strike at Brazil factory to protest job cuts - Reuters ,10-Sep-15
Ten automakers are sued over keyless ignitions defendants include Ford Motor Co - Reuters ,26-Aug-15
CORRECTION - SEC joins German investigation of Ford Motor Co - Reuters ,18-Aug-15
Ford Motor Co reaffirms FY 2015 pretax profit guidance - conference call ,28-Jul-15
Ford Motor Company declares dividend for third quarter 2015 ,9-Jul-15
Ford Motor Co recalls 433K cars because of software problem - AP ,2-Jul-15
Ford Motor Co issues two safety compliance recalls in north america - ENP Newswire ,24-Jun-15
"Ford Motor Co expands door latch recall to 156,000 more vehicles - Reuters ",1-May-15
"Ford Motor Co recalls over 591,000 vehicles for steering, other problems - Reuters ",29-Apr-15
Ford Motor Co reaffirms FY 2015 profit outlook - Reuters ,28-Apr-15
"Ford Motor Co recalling Fiesta, Fusion, Lincoln MKZ on door latch issue - Reuters ",24-Apr-15
Ford Motor Co to lay off about 700 workers at Michigan plant - Reuters ,23-Apr-15
Ford Motor Co declares second quarter dividend ,10-Apr-15
Government could reopen investigation of older Ford Motor Co models for headlight failures - AP ,6-Apr-15
"Ford Motor Co recalls over 220,000 vehicles in North America for three issues - Reuters ",25-Mar-15
Ford Motor Co to lay off roughly 500 staff of Ford Romania-Reuters News ,6-Mar-15
"US adds Fusion, Lincoln MKZ to probe of Ford Motor Co door latches that may not close properly - AP ",3-Mar-15
Ford Motor Co reaffirms FY 2015 pre-tax profit outlook ,29-Jan-15
Ford Motor Company declares increased dividend for first quarter 2015 ,8-Jan-15
Ford Motor Co to lay off 680 workers in Romania-Auto Business News ,20-Nov-14
Ford Motor Co reaffirms FY 2014 and FY 2015 pre-tax profit guidance ,24-Oct-14
Ford Motor Co and Carfax expands partnership ,13-Oct-14
Ford Motor Co declares fourth quarter dividend ,8-Oct-14
Ford Motor Co lowers FY 2014 pre-tax profit guidance; gives FY 2015 pre-tax profit guidance below analysts' estimates ,29-Sep-14
Ford and Telogis expand partnership to deliver next-generation telematics ,22-Sep-14
Ford Motor Co to cut production at Cologne in fourth quarter ,19-Sep-14
Ford Motor co affirms FY 2014 pre-tax profit guidance ,24-Jul-14
Ford Motor declares third quarter dividend ,10-Jul-14
Ford Motor announces management changes ,1-May-14
Ford Motor Co reaffirms FY 2014 pre-tax profit guidance ,25-Apr-14
Ford Motor Co declares Q2 dividend ,10-Apr-14
Lithia Motors Inc announces acquisition of Ford store and opens new chrysler jeep dodge store ,29-Jan-14
Ford Motor Co to recall Edge SUVs in China on possible fuel leak-Reuters ,28-Jan-14
Ford Motor Co reaffirms FY 2014 pre-tax profit guidance ,9-Jan-14
Ford Motor Co increases quarterly dividend 25 pct in 2014 first quarter ,18-Dec-13
Ford Motor Co gives FY 2014 pretax profit outlook below analysts' estimates - Conference Call ,2-Dec-13
U.S. Supreme Court throws out Ford Motor Co tax ruling - Reuters ,1-Nov-13
"Ford Motor Co Recalls 2,600 Focus Electric Cars For Potential Power Loss-Reuters ",24-Oct-13
Ford Motor Co Updates On FY 2013 Pre-Tax Profit Guidance ,10-Oct-13
Ford Motor Co Declares Fourth Quarter Dividend ,26-Sep-13
Ford Motor Co Buys Small Software Startup-Reuters ,13-Sep-13
"Ford Motor Co Recalls 1.66 Lakh Units Of Figo, Classic-Business Standard ",4-Sep-13
Ford Motor Co Issues Q4 2013 Production Guidance; Reaffirms Q3 2013 Production Guidance ,30-Aug-13
Ford Motor Co's Ford Romania to Stop Production for One Week in September 2013-Reuters News ,17-Aug-13
Ford Motor Co Reaffirms FY 2013 Pre-Tax Profit Guidance - Conference Call ,1-Aug-13
Ford Motor Co Agrees To Pay Federal Government $17.35 Million In Settlement-DJ ,24-Jul-13
Ford Motor Co Raises FY 2013 Pre-Tax Profit Guidance ,17-Jul-13
Ford Motor Co Sues Fujikura Ltd-Reuters ,16-Jul-13
"Consumer Class Action Brought Against Ford Motor Co, Alleging Defects in its Dashboard Infotainment System, MyFord Touch ",16-Jul-13
DIAMOND ELECTRIC MFG CO LTD Pleads Guilty To Conspiracy To Fix Prices Of Ignition Coils Sold To Ford Motor Co-Reuters ,16-Jul-13
Hagens Berman Files Lawsuit Against Ford Motor Co Alleging MyFord Touch System Defective ,12-Jul-13
Ford Motor Co In India Is Recalling Diesel EcoSport-DJ ,11-Jul-13
Ford Motor Co Declares Third Quarter Dividend ,3-Jun-13
"Ford Motor Co Recalling 465,000 2013 Models To Check For Fuel Tank Leaks-Reuters ",29-May-13
Ford Motor Co Reaffirms FY 2013 Earnings Guidance-Conference Call ,23-May-13
Ford Motor Co To End Australia Auto Production-WSJ ,24-Apr-13
Ford Motor Co Reaffirms FY 2013 Earnings Guidance ,18-Apr-13
UK Auto Workers Protest Severance Packages Offered By Ford Motor Co At Dagenham Plant-DJ ,17-Apr-13
Ford Motor Co Raises Stake In Jiangling Motors Corp Ltd-Reuters ,15-Apr-13
General Motors Co and Ford Motor Co Agree To Jointly Develop Fuel-saving Transmissions-Reuters ,12-Apr-13
Ford Motor Co Declares Second Quarter Dividend ,30-Mar-13
"Ford Motor Co Being Sued For Cars, Trucks That May Accelerate Unintentionally-Reuters ",27-Mar-13
"Ford Motor Co To Recall 3,500 Sedans, SUVs To Fix Fuel Tanks-Reuters ",12-Mar-13
"Ford Motor Co Recalls 7,150 Newly Built Vehicles To Repair Child Locks-Reuters ",7-Mar-13
"Ford Motor Co Recalls 230,000 Minivans For Corrosion Issue-Reuters ",25-Feb-13
"U.S. NHTSA Probes 725,000 Ford Motor Co's Vehicles For Engine Flaw-Reuters ",7-Feb-13
Ford Motor Co And PlugShare Team Up To Help Ford C-MAX Energi And Fusion Energi Drivers Find Plugs With MyFord Mobile ,29-Jan-13
Ford Motor Co Issues FY 2013 EBIT Guidance Below Analysts' Estimates ,28-Jan-13
"Daimler AG, Ford Motor Co And Nissan Motor Co., Ltd. Announces Strategic Cooperation To Accelerate Commercialization Of Fuel Cell Electric Vehicle Technology ",10-Jan-13
Ford Motor Co Declares First-quarter Dividend ,20-Nov-12
"General Electric Co to Purchase 2,000 Ford Motor Co.'s C-MAX Energi Plug-in Hybrids; Companies Collaborate with Georgia Tech to Accelerate Alternative Fuel Vehicle Adoption and Research ",7-Nov-12
Ford Motor Co May Cut More Capacity-Reuters ,29-Oct-12
Ford Motor Co To Sell Last Business In Auto Parts Unit To Joint Venture Of Valeo SA-Reuters ,25-Oct-12
"Ford Motor Co Cuts 1,400 Jobs-Reuters ",24-Oct-12
Ford Motor Co Plans To Close Belgian Plant-Reuters ,16-Oct-12
"Ford Motor Co Recalls More Than 154,000 Fiesta Subcompact For Air Bag Problem-The Economic Times ",11-Oct-12
Ford Motor Co Declares Fourth Quarter Dividend ,10-Oct-12
"Dealertrack Holdings Inc's DealerTrack Canada, Inc. Acquires Assets Of Ford Motor Co of Canada, Limited's iCONNECT Direct DMS Business ",5-Sep-12
Ford Motor Co Recalls New Escape-Reuters ,5-Sep-12
"CAW Could Strike At General Motors Co, Ford Motor Co And Fiat SpA's Chrysler In Canada-Reuters ",30-Aug-12
Ford Motor Co Sued Over F-150 Fuel Injection System-Reuters ,27-Aug-12
"China Approves Ford Motor Co, Mazda Motor Corp, Chongqing Changan Automotive Co Ltd To Split JV In Two-The Economic Times ",1-Aug-12
Ford Motor Co Sues Dana Holding Corp Over Part Linked To Windstar Recall-Reuters ,26-Jul-12
"Ford Motor Co Recalls 484,600 Escape SUVs For Throttle Problem-Reuters ",25-Jul-12
Ford Motor Co Lowers FY 2012 Pre-tax Operating Profit Outlook ,19-Jul-12
Ford Motor Co Recalls 1.6-Liter Ford Escape-Reuters ,17-Jul-12
Ford Motor Company Says To Cut Up To 440 Jobs In Australia-Reuters ,16-Jul-12
Ford Motor Company Recalls New Escape Crossover Over Braking Issue-Reuters ,12-Jul-12
Ford Motor Company Declares Third Quarter Dividend ,27-Jun-12
Ford Motor Company To Close Philippine Car Assembly Plant By End 2012-DJ ,5-Jun-12
"The Coca-Cola Company, Ford Motor Company, H.J. Heinz Co, Nike, Inc. And Procter & Gamble Co Form Collaboration To Accelerate Development Of Products Made Entirely From Plants ",27-Apr-12
Ford Motor Company To Sell Ohio Auto Lighting Plant To Ventra Sandusky-DJ ,19-Apr-12
"Ford Motor Company and Automotive Components Holdings, LLC (ACH) Announce Signing Of Definitive Agreements With Faurecia For The Sale Of The Automotive Interior Trim Components Business ",15-Mar-12
Ford Motor Company Reaffirms FY 2012 Operating Profit Guidance; Comments On H2 2012 Operating Profit Guidance ,14-Mar-12
"Ford Motor Company Invests $760 Million For New China Plant, More Capacity-Reuters ",7-Mar-12
"Ford Motor Company Sued, Said To Hide Truck Fuel Tank Defect-Reuters ",24-Feb-12
Ford Motor Company Declares Second Quarter Dividend ,9-Dec-11
Ford Motor Company To Cut Production At Two German Plants-Reuters ,8-Dec-11
City Of Chicago Places Order For 500 Ford Motor Company's Police Interceptors ,16-Nov-11
Ford Motor Company's CFO Lewis Booth And Global Product Chief Derrick Kuzak To Retire ,19-Oct-11
"Ford Motor Company Recalls 129,000 Sedans-Reuters ",3-Oct-11
Ford Motor Company Reinstates Quarterly Stock Dividend ,23-Aug-11
Azure Dynamics Corporation And Ford Motor Company Introduce Transit Connect Electric Wagon ,8-Aug-11
4-UAW Workers Approve Ford Motor Company Labor Deal-Reuters ,27-Jul-11
UAW Summons Local Leaders On Ford Motor Company Talks-AP ,26-Jul-11
Toyota Motor Corporation to Form Business Alliance with Ford Motor Company ,20-Jul-11
SunPower Corporation and Ford Motor Company To Provide Clean And Sustainable Energy ,4-Jul-11
Ford Motor Company To Build Second India Car Factory In Gujarat-DJ ,22-Jun-11
Ford Motor Company Reaffirms FY 2011 Earnings Guidance-Conference Call ,10-Jun-11
"Ford Motor Company To Recall More Than 20,000 Trucks And Sports Utility Vehicles-The Economic Times ",9-Jun-11
"Bangkok Bank PCL, Tisco Bank Offer Ford Motor Company THB15.5 Billion Loan-DJ ",8-Jun-11
"Ford Motor Company and Nuance Communications, Inc. Collaborate to Advance In-Car Voice Interactions Through Understanding and Intent ",19-May-11
Ohio Judge Says Ford Motor Company Must Pay Dealers $2 Billion-AP ,12-May-11
Sollers OAO Signs Agreement With Ford Motor Company On Creation Of New Joint Venture Ford Sollers-SKRIN ,3-May-11
Ford Motor Company's Transit Connect Electric Secures Contract ,14-Apr-11
Compagnie Plastic Omnium SA's POAI Acquires Fuel System Business in United States from Ford Motor Company's Automotive Components Holdings LLC ,14-Apr-11
"Ford Motor Company And ACH Announces Signing Of Definitive Agreements With Inergy Automotive Systems For Sale Of Blow-molded Fuel Tank Business Located At ACH Plant In Milan, Mich ",4-Mar-11
Ford Motor Company Comments On FY 2011 Pre-tax Operating Profit-Conference Call ,1-Mar-11
Argentina Slaps $1.3 Million Tax Penalty On Ford Motor Company-DJ ,23-Feb-11
Ford Motor Company Widens Recall Of F-150 Pickup To Nearly 1.2 Million-AP ,18-Feb-11
Ford Motor Company To Cut Australian Vehicle Production-DJ ,16-Feb-11
"Ford Motor Company Sells Norfolk Assembly Plant Property to Jacoby Development, Inc.",11-Feb-11
Ford Motor Company And Ferrari Settle Lawsuit Over F-150 Name-Reuters ,28-Jan-11
Ford Motor Company Issues Q2 2011 Production Guidance-Conference Call ,28-Jan-11
"Ford Motor Company Recalls 144,000 F-150 Trucks For Airbag Risk-Reuters ",28-Jan-11
"Ford Motor Company Recalls 363,000 F-150 Trucks-Reuters ",27-Jan-11
Ford Motor Company's Ford Motor Credit To Sell $1.25 Billion 10 Year Bonds-Reuters ,27-Jan-11
Fitch Upgrades Ford Motor Company & Ford Credit's IDRs to 'BB'; Outlook Positive ,27-Jan-11
Ford Motor Company Recalls 5.25 Lakh Windstar Minivans-Business Standard ,27-Jan-11
Ford Motor Company Plans To Build Engines For Some New Models Locally-DJ,25-Jan-11
